Date,Open,High,Low,Close,Volume
2020-01-02,54640,56325,54309,55000,13077813
2020-01-03,55625,56869,54386,55409,12694420
2020-01-06,55124,56452,54018,55294,20269936
2020-01-07,56363,57470,55053,55832,14850350
2020-01-08,57268,57737,56011,57107,21399173
2020-01-09,57274,58050,55290,56907,7941616
2020-01-10,56290,58089,55647,56707,24251586
2020-01-13,58470,59632,57363,58050,10604297
2020-01-14,59215,59516,57422,58718,28883140
2020-01-15,58290,59821,56901,58305,20983597
2020-01-16,58904,60017,57184,58779,23856153
2020-01-17,58680,59417,56796,58371,17129980
2020-01-20,57586,58695,56726,57963,23132313
2020-01-21,58176,59762,57121,58173,23832613
2020-01-22,56389,57246,54900,56504,14636094
2020-01-23,54652,55933,54425,55042,15815723
2020-01-24,54433,55440,53764,54577,15337305
2020-01-27,53284,55223,52766,53748,18608519
2020-01-28,53489,55268,53276,54002,6079037
2020-01-29,52877,54647,51754,53266,17341518
2020-01-30,52621,52920,51071,52138,9151951
2020-01-31,53337,54483,52357,53284,8155200
2020-02-03,53598,54242,52390,53103,22632911
2020-02-04,53085,54574,52395,53157,21889252
2020-02-05,51825,53484,50749,52021,15773427
2020-02-06,51603,52125,51019,51596,25609070
2020-02-07,51620,52896,50260,51682,5889694
2020-02-10,50389,51351,50155,50790,22367564
2020-02-11,51220,52148,50536,51076,20999863
2020-02-12,50329,51413,49277,50616,12695082
2020-02-13,50515,51208,49610,50395,14297729
2020-02-14,50090,50792,48482,49940,15528922
2020-02-17,50970,52478,50204,51327,9066981
2020-02-18,50867,52173,50307,51317,9467801
2020-02-19,50786,51748,49574,50503,15598073
2020-02-20,51085,52051,50549,51126,15514237
2020-02-21,49746,50760,49359,50190,23960741
2020-02-24,50845,51639,49321,50347,17463277
2020-02-25,48435,49635,48192,48867,5693464
2020-02-26,48080,48787,47367,47893,14107338
2020-02-27,48499,49174,46615,48035,6577415
2020-02-28,48313,49375,48064,48567,9262663
2020-03-02,48343,49234,47315,48692,8593824
2020-03-03,48239,49457,47941,48607,20872628
2020-03-04,48197,49785,47207,48388,26445439
2020-03-05,46937,48395,46020,47314,29814053
2020-03-06,46983,47900,45811,46804,6358356
2020-03-09,46073,47533,45684,46480,23292935
2020-03-10,47226,47877,46160,47217,25918642
2020-03-11,47932,48332,46089,47461,5837566
2020-03-12,46496,47361,45373,46205,11642516
2020-03-13,46537,46988,45875,46430,14545151
2020-03-16,45983,46880,45131,46162,13483063
2020-03-17,45806,46403,44520,45693,13123155
2020-03-18,46137,46972,45137,46112,23001197
2020-03-19,46756,48212,45466,46826,7336798
2020-03-20,47129,48019,46834,47480,20516252
2020-03-23,47244,47837,46250,46882,23935560
2020-03-24,46618,47299,45813,46664,28260430
2020-03-25,46610,48276,45821,46896,22612381
2020-03-26,47457,48166,46916,47583,18395337
2020-03-27,47159,48094,46347,47241,23511644
2020-03-30,47418,48275,46474,47109,8822069
2020-03-31,46544,47443,45523,46327,15432291
2020-04-01,45741,46336,44845,45496,8144787
2020-04-02,45600,46830,45220,46050,13346988
2020-04-03,46909,47831,45967,46987,24590005
2020-04-06,46919,47654,46428,46937,16641380
2020-04-07,47185,48315,46729,47643,14942357
2020-04-08,47671,48843,47044,47902,15666822
2020-04-09,47685,48167,46224,47438,12992726
2020-04-10,47349,48446,46861,47695,23943719
2020-04-13,48830,49924,47890,48796,13045391
2020-04-14,48492,50202,47487,48769,13622693
2020-04-15,49427,51016,48476,49914,14146779
2020-04-16,47704,48506,47094,47953,5498095
2020-04-17,49006,49103,47829,48544,15556069
2020-04-20,48900,50018,47658,48607,14879032
2020-04-21,48834,49161,47157,48389,17061944
2020-04-22,48444,49029,47648,48456,16151870
2020-04-23,46644,48044,45676,47011,16113050
2020-04-24,46901,47909,45864,46856,8330263
2020-04-27,47064,48189,45848,47107,29143820
2020-04-28,48483,48890,46884,48151,18618777
2020-04-29,47393,48269,46537,47777,18911580
2020-04-30,47187,48581,46147,47198,8665842
2020-05-01,46515,47546,45485,46842,16126576
2020-05-04,47319,48603,46439,47486,7791338
2020-05-05,47946,48871,46777,47720,15574811
2020-05-06,47318,48392,46378,47341,16300059
2020-05-07,47587,48481,46639,47705,25114247
2020-05-08,47674,48511,47143,47775,19413188
2020-05-11,48429,49533,47155,48469,15689065
2020-05-12,48232,49269,47005,47958,16841158
2020-05-13,48097,49103,46350,47723,13234025
2020-05-14,47874,48017,46086,47442,8945123
2020-05-15,46667,47008,45541,46400,15943336
2020-05-18,46434,47953,45736,46606,9768026
2020-05-19,46965,47946,46207,46789,25860717
2020-05-20,46734,48087,45911,46793,9836161
2020-05-21,46399,47283,46124,46628,23557464
2020-05-22,45949,46631,44313,45638,11126664
2020-05-25,44931,46439,44078,45350,15996634
2020-05-26,45479,46182,43803,45117,12709824
2020-05-27,44540,45384,43402,44574,19375753
2020-05-28,44588,44924,43613,44466,26573033
2020-05-29,44878,45705,43971,44736,23957235
2020-06-01,46365,46694,44663,46001,22557173
2020-06-02,46248,46998,45611,46122,6913980
2020-06-03,46405,47650,45691,46300,6507394
2020-06-04,45847,47080,45135,46248,7979845
2020-06-05,44934,46121,43639,44917,7712188
2020-06-08,44585,45518,43705,44899,13642873
2020-06-09,45153,45994,43706,44940,9713797
2020-06-10,46612,47977,45317,46600,19844468
2020-06-11,46633,47025,45554,46466,5910913
2020-06-12,46248,47151,45505,46676,7057017
2020-06-15,46264,47523,45586,46652,5653817
2020-06-16,46032,46377,45366,45834,22773649
2020-06-17,46221,47784,45859,46620,24358721
2020-06-18,46741,48479,46626,47145,11555851
2020-06-19,47239,48596,46410,47705,9108949
2020-06-22,47484,47768,46002,47054,27905636
2020-06-23,48272,48942,47136,48044,26653907
2020-06-24,46896,48185,45695,47034,26451287
2020-06-25,47255,47931,46029,47448,25981103
2020-06-26,48860,50075,48194,49007,18157587
2020-06-29,48544,49354,47450,48279,20216576
2020-06-30,48023,48958,46826,47869,12138512
2020-07-01,47638,48652,46972,47940,14886458
2020-07-02,47268,48734,46546,47578,25813696
2020-07-03,46098,47021,45100,46472,12567476
2020-07-06,46668,47170,45436,46519,14335411
2020-07-07,46020,47039,44567,45778,8486444
2020-07-08,45887,47245,44811,46103,12163357
2020-07-09,45032,45935,44973,45467,15484206
2020-07-10,46136,47221,45686,46525,10509165
2020-07-13,46408,46635,45269,45978,9873014
2020-07-14,45569,46461,44672,45756,22245514
2020-07-15,46564,47007,45289,46314,9330453
2020-07-16,45572,45970,44311,45459,22347519
2020-07-17,45506,46489,44334,45614,14377259
2020-07-20,46235,47655,45280,46509,10170988
2020-07-21,45043,46392,44749,45387,8317657
2020-07-22,45617,46580,44764,45513,8336640
2020-07-23,45941,46221,44819,45690,20526398
2020-07-24,46359,47568,45278,46226,10000738
2020-07-27,45396,46583,44844,45368,7660891
2020-07-28,44062,45630,43200,44470,20173091
2020-07-29,45238,46004,43725,44818,28773135
2020-07-30,45287,46308,43982,45018,26393383
2020-07-31,44999,46130,44538,45187,20978042
2020-08-03,45858,46058,44961,45422,27775760
2020-08-04,45050,45962,43826,44958,19514418
2020-08-05,45189,46236,44550,45115,24119310
2020-08-06,45538,46435,44707,45313,7192271
2020-08-07,45107,45743,43684,44828,20533326
2020-08-10,46226,46606,45068,46082,21071416
2020-08-11,46065,47218,45398,46410,24622592
2020-08-12,45433,46876,45105,45580,25733774
2020-08-13,46423,47028,44815,46029,10236441
2020-08-14,45107,46298,44721,45356,25508786
2020-08-17,45774,46598,44822,45892,28119427
2020-08-18,46626,47500,45971,46689,16420970
2020-08-19,46059,47402,45119,46115,10831052
2020-08-20,46887,47872,45919,46781,14978954
2020-08-21,47488,48283,46442,47071,18685713
2020-08-24,47404,48561,46988,47651,29716390
2020-08-25,48636,50115,48386,49007,17823529
2020-08-26,48531,49557,47420,48826,8254449
2020-08-27,48648,49438,47494,48274,13994006
2020-08-28,47769,48514,46335,47630,26085126
2020-08-31,46846,47934,46027,47047,14976122
2020-09-01,47290,48073,46099,46993,25100134
2020-09-02,47575,48590,46197,47234,10271810
2020-09-03,47758,47965,46500,47430,9935371
2020-09-04,48420,49290,47535,48018,5260102
2020-09-07,47789,48789,46716,48027,21091184
2020-09-08,49325,50001,48265,49075,27294041
2020-09-09,48841,49390,47801,48880,10818528
2020-09-10,51222,51689,49483,50874,13214372
2020-09-11,51586,52381,49974,51352,13536239
2020-09-14,50972,51255,50133,50691,6343054
2020-09-15,50033,50866,49258,49877,15722305
2020-09-16,49914,51672,49642,50238,8159016
2020-09-17,50115,50676,49561,50070,23503550
2020-09-18,51097,51886,49299,50606,25130246
2020-09-21,51411,51892,49799,50965,23624415
2020-09-22,50444,52086,50064,50910,23415220
2020-09-23,49926,51027,49241,50263,6729187
2020-09-24,48759,49769,48058,49121,16716383
2020-09-25,49012,49436,47677,48792,26238811
2020-09-28,49733,49982,48523,49419,27594892
2020-09-29,49293,50257,48661,49577,25237312
2020-09-30,48657,49784,47348,48651,6330363
2020-10-01,49110,50125,47774,48777,8446839
2020-10-02,49288,50349,48130,49059,8113506
2020-10-05,48450,49556,47509,48409,29944413
2020-10-06,48608,49113,47269,48520,18928440
2020-10-07,48571,49329,47827,48563,23338230
2020-10-08,47537,48503,46322,47730,18305560
2020-10-09,48049,48706,46887,47986,9589369
2020-10-12,48573,49372,47693,48390,28398994
2020-10-13,49543,50195,48255,49176,29309060
2020-10-14,50090,50809,48716,49953,8257983
2020-10-15,49177,49756,48133,48921,11902066
2020-10-16,47905,49515,47333,48233,27851093
2020-10-19,48568,49859,47921,48606,17042858
2020-10-20,48499,49771,48231,48980,13033651
2020-10-21,49108,50754,48480,49359,22529188
2020-10-22,52448,53728,51154,52211,21578740
2020-10-23,53176,53529,51219,52658,16966115
2020-10-26,53126,54470,52228,53555,8631171
2020-10-27,54214,55414,53147,54321,12973155
2020-10-28,55181,56433,53864,54852,15627763
2020-10-29,54270,56096,53516,54593,9976820
2020-10-30,55275,55880,53876,55214,8743185
2020-11-02,54829,55549,52944,54574,15746289
2020-11-03,54507,55526,53289,54380,17159041
2020-11-04,53648,55068,52673,53985,27545428
2020-11-05,53894,54801,53223,54051,17814719
2020-11-06,56245,57447,54276,55927,5024363
2020-11-09,54420,55641,53366,54361,21037478
2020-11-10,54377,56390,54307,54921,13783406
2020-11-11,53872,55048,52171,53592,7045990
2020-11-12,52718,54541,52118,53213,10178652
2020-11-13,54348,55098,52558,54082,6385049
2020-11-16,53812,55336,53187,54134,15487380
2020-11-17,53747,53962,52247,53259,10567248
2020-11-18,52548,53924,51536,52687,6498447
2020-11-19,53040,53948,52183,53224,16629755
2020-11-20,52272,53898,52006,52641,23322504
2020-11-23,52607,53583,51435,52812,17491230
2020-11-24,53246,53501,51287,52848,29959536
2020-11-25,52851,53028,51664,52332,21046593
2020-11-26,53873,54557,53018,54015,23372339
2020-11-27,54472,55858,53864,54528,15387693
2020-11-30,53107,54175,51917,52872,19572602
2020-12-01,53429,54096,52288,53020,10264482
2020-12-02,52591,53188,51370,52494,11130158
2020-12-03,53049,53785,52367,53165,23168754
2020-12-04,52441,53078,51916,52533,12219155
2020-12-07,52647,53141,51469,52442,11817281
2020-12-08,52315,54309,51445,52840,28479026
2020-12-09,53654,54320,52208,53526,25884776
2020-12-10,52410,53460,51194,52562,28770234
2020-12-11,52606,52931,50988,52298,21948452
2020-12-14,51503,52676,50686,51926,24787345
2020-12-15,51508,52465,50445,51417,5089743
2020-12-16,52758,53948,51816,52778,18030787
2020-12-17,53250,53891,51959,53099,29203403
2020-12-18,51641,52676,51173,52095,25890140
2020-12-21,52897,53753,51314,52812,6955206
2020-12-22,54560,55293,52954,54493,6138422
2020-12-23,55404,56134,53867,55337,5758795
2020-12-24,54188,55655,53014,54076,29409954
2020-12-25,53873,54882,52302,53683,18397380
2020-12-28,55037,55860,53372,54703,23541904
2020-12-29,53874,55114,52932,54123,24735033
2020-12-30,54837,55495,53733,54483,22016863
2020-12-31,55114,56264,53478,55116,18962313
2021-01-01,53890,55650,53425,54350,17872874
2021-01-04,53822,55607,53399,54301,17482384
2021-01-05,51490,52355,50936,51661,26291369
2021-01-06,51157,51885,50290,50867,18127304
2021-01-07,50885,51599,49175,50675,17186528
2021-01-08,50013,51089,48387,49726,27876131
2021-01-11,50961,52097,50318,50944,25549731
2021-01-12,49791,50880,48812,49851,7942609
2021-01-13,49173,50131,48595,49522,15188808
2021-01-14,49448,50716,48788,49619,29935997
2021-01-15,50625,51317,49859,50692,20901724
2021-01-18,49192,50430,49036,49600,6572732
2021-01-19,50183,51114,49958,50465,14898445
2021-01-20,50572,51676,49686,50473,29794008
2021-01-21,49964,50432,48524,49730,18834629
2021-01-22,50574,50968,49453,50075,7740855
2021-01-25,50659,51626,48767,50224,14880233
2021-01-26,49914,50473,48509,49772,25117660
2021-01-27,49746,50828,49224,49824,8750222
2021-01-28,49671,50447,48304,49536,6380188
2021-01-29,49904,50135,48351,49620,16516163
2021-02-01,49731,51409,48748,50113,12530577
2021-02-02,51213,51889,50648,51305,24837681
2021-02-03,50695,51334,49346,50353,28500216
2021-02-04,51843,53066,51106,51964,12770032
2021-02-05,50515,51581,49170,50442,16558059
2021-02-08,50416,51524,49581,50328,7818767
2021-02-09,50451,51537,50020,50772,29641610
2021-02-10,50845,51506,49775,50986,21508173
2021-02-11,50342,51745,49409,50509,18920130
2021-02-12,49875,51395,49052,50352,10864049
2021-02-15,49504,51315,49456,49979,14850941
2021-02-16,49866,50847,48691,49538,13958825
2021-02-17,49941,51517,49601,50169,10531052
2021-02-18,50456,51431,49230,50438,11321001
2021-02-19,49712,50745,49196,49913,19235345
2021-02-22,51033,51894,49844,50587,22201406
2021-02-23,50575,51787,49998,50820,28520787
2021-02-24,51367,52143,50890,51440,8472696
2021-02-25,52313,53333,50776,51925,7120677
2021-02-26,51630,52698,49875,51280,24375195
2021-03-01,50530,51832,50007,50849,15404915
2021-03-02,51730,52011,50626,51419,12524132
2021-03-03,51846,52811,50930,51890,17350251
2021-03-04,51856,53226,50532,51873,23881633
2021-03-05,51584,53422,50930,51965,27226820
2021-03-08,52516,53706,51702,52961,17598645
2021-03-09,52730,53086,51365,52491,22675844
2021-03-10,52918,54379,52017,52921,8761054
2021-03-11,52694,53699,51964,52761,7396716
2021-03-12,52830,53684,51255,52589,19670472
2021-03-15,53739,55025,52285,53455,15944125
2021-03-16,53748,54730,52785,54117,14734257
2021-03-17,54898,56036,53352,54778,7057244
2021-03-18,55443,56492,55050,55850,19842498
2021-03-19,56149,56846,55208,55868,7707929
2021-03-22,56617,57911,55164,56439,19240440
2021-03-23,56690,57225,55335,56177,17237052
2021-03-24,55963,58140,55769,56450,15563357
2021-03-25,55841,57533,55603,56340,9272513
2021-03-26,56176,57348,54935,56422,25705341
2021-03-29,56654,57745,56306,56925,25902402
2021-03-30,55942,57183,54963,56227,25115885
2021-03-31,58463,59003,56645,57991,14012760
2021-04-01,56830,57766,55474,57116,15634380
2021-04-02,55820,57051,54939,56076,12738667
2021-04-05,57346,58150,55463,57050,26138082
2021-04-06,57670,59139,56283,57728,7304310
2021-04-07,58591,59616,56889,58268,5976264
2021-04-08,58306,60239,58004,58817,17482177
2021-04-09,58792,59404,58072,58806,17869365
2021-04-12,57474,58848,56625,58015,13323880
2021-04-13,57573,59430,57336,58081,12299243
2021-04-14,57958,58622,56752,57491,18703743
2021-04-15,57911,58921,57474,58332,8928094
2021-04-16,58241,59722,56628,58203,16354091
2021-04-19,57380,58946,56552,57483,27573102
2021-04-20,57031,58405,56570,57205,11531423
2021-04-21,58020,58212,56619,57560,24567569
2021-04-22,56527,58519,55739,57073,10185356
2021-04-23,56554,57591,55242,56369,7465849
2021-04-26,57100,58026,55609,56575,7933865
2021-04-27,56851,58205,55659,56783,28444267
2021-04-28,56844,57820,54796,56351,12587145
2021-04-29,55452,57092,54624,55953,27807295
2021-04-30,56057,56867,55364,56148,13970922
2021-05-03,54665,56215,54227,54928,11147454
2021-05-04,54017,54974,52303,53769,12907288
2021-05-05,53701,54511,52607,53189,17229793
2021-05-06,52761,53729,51777,53019,24282916
2021-05-07,53430,54006,52374,53266,5145693
2021-05-10,54116,55959,53630,54445,6649734
2021-05-11,55217,56524,54386,55145,17076798
2021-05-12,54973,56562,54403,55013,14299397
2021-05-13,55517,56382,53692,54997,22662837
2021-05-14,54288,55359,53475,54170,20244854
2021-05-17,53992,55405,52673,54155,17881730
2021-05-18,53505,55419,53063,53921,22338764
2021-05-19,53804,55351,53360,54182,18542914
2021-05-20,53216,54721,52629,53509,29840217
2021-05-21,53658,54634,52581,53926,14093432
2021-05-24,55553,56241,54474,55166,20276157
2021-05-25,55144,56416,53610,55076,15221108
2021-05-26,55434,56262,53805,55408,9379845
2021-05-27,55550,56768,55105,55982,12150265
2021-05-28,56046,56550,54505,55645,6703728
2021-05-31,56081,56660,55105,55832,21247593
2021-06-01,55359,56641,54595,55842,9762315
2021-06-02,56157,56959,54435,55924,25154352
2021-06-03,55324,56832,54542,55276,22245667
2021-06-04,54833,56410,54244,55296,16776449
2021-06-07,55663,56476,54249,55709,26555046
2021-06-08,56904,57579,56034,56922,22036641
2021-06-09,57355,59122,56599,57741,19261209
2021-06-10,60137,60658,58538,59606,20835732
2021-06-11,59332,60477,57695,58920,12604323
2021-06-14,59892,61075,58889,59691,28036851
2021-06-15,59810,61406,59052,59855,9494893
2021-06-16,61712,62775,60843,61821,18292075
2021-06-17,61256,62528,59368,61071,20920820
2021-06-18,60357,61223,59505,60302,14019066
2021-06-21,59237,61480,58769,59760,23745309
2021-06-22,57870,59171,56927,57856,7444913
2021-06-23,57751,58346,56094,57400,11504938
2021-06-24,56700,57619,56042,56746,12131390
2021-06-25,56364,57660,55993,56874,8787132
2021-06-28,57493,58531,55579,57166,25587037
2021-06-29,58423,59619,57491,58774,25814962
2021-06-30,59325,60918,58881,59612,5081171
2021-07-01,58700,60000,57379,59096,23960664
2021-07-02,58102,59655,57672,58300,6189138
2021-07-05,59032,60275,57766,58730,7249476
2021-07-06,57590,59039,56567,57567,24536590
2021-07-07,58800,60640,57694,59149,19921599
2021-07-08,60650,61023,58689,60195,18963591
2021-07-09,60225,60475,59104,59771,14840850
2021-07-12,58667,59632,56836,58236,8463894
2021-07-13,59108,60450,58557,59418,5783258
2021-07-14,59258,60422,58003,59316,23674215
2021-07-15,61003,61059,58773,60417,7852889
2021-07-16,59293,59868,57216,58972,29074266
2021-07-19,57890,59066,57325,58442,14749181
2021-07-20,57939,60059,57834,58447,12371858
2021-07-21,58446,59358,57165,58488,15266495
2021-07-22,58569,59322,56765,58093,23538417
2021-07-23,58681,59268,57280,58636,7337180
2021-07-26,57694,59043,56567,57697,8485862
2021-07-27,57119,58521,56354,57574,23177723
2021-07-28,57858,59290,56962,57678,26012256
2021-07-29,58497,59736,56967,58123,27306770
2021-07-30,58603,59713,57577,58743,17792036
2021-08-02,58070,59370,56179,57752,29295378
2021-08-03,56947,58111,55839,56423,20310432
2021-08-04,57164,59029,56067,57504,29453647
2021-08-05,57818,59346,56142,57791,7757398
2021-08-06,56899,57998,56186,57142,5388742
2021-08-09,58814,59731,57414,58472,15710553
2021-08-10,58664,59238,57302,58573,5676935
2021-08-11,59770,60319,58324,59609,15073732
2021-08-12,60025,61459,58817,59670,16511913
2021-08-13,61386,62531,59910,61514,18015771
2021-08-16,63658,64710,62276,63134,12793604
2021-08-17,62940,64542,61827,62898,5401072
2021-08-18,63378,65548,62435,63815,11722841
2021-08-19,64685,66363,63090,64433,21674948
2021-08-20,66141,66731,64120,65755,7095637
2021-08-23,64566,65504,63834,64804,24565518
2021-08-24,65938,66664,64178,65471,29620443
2021-08-25,67050,67348,64941,66510,27358688
2021-08-26,64466,65432,63585,64755,14344618
2021-08-27,64221,64701,62965,63606,16909910
2021-08-30,61217,63244,60347,61660,20140586
2021-08-31,61045,62721,60700,61411,9859633
2021-09-01,61680,63081,60638,62072,9468852
2021-09-02,63971,64936,61636,63471,12742237
2021-09-03,63738,64472,61895,63542,28527193
2021-09-06,64641,65764,63686,65094,19850598
2021-09-07,63670,65358,62114,63746,20552153
2021-09-08,62261,63514,60254,62118,22196719
2021-09-09,61549,63633,61340,62066,11488000
2021-09-10,62901,63096,61604,62423,29363760
2021-09-13,62772,64061,61447,62393,19395813
2021-09-14,60464,61812,58847,60458,13318849
2021-09-15,60941,61661,58711,60377,16568496
2021-09-16,59098,60527,57500,59196,12608965
2021-09-17,60369,61422,58862,59790,21935469
2021-09-20,60321,61426,59432,60119,29986277
2021-09-21,59431,60553,58004,59271,8211369
2021-09-22,58422,60568,57190,58815,6659537
2021-09-23,58322,59335,56737,57880,6279898
2021-09-24,57742,58915,56494,57826,7364840
2021-09-27,58258,60071,57334,58654,5771143
2021-09-28,57224,58815,56771,57787,11697947
2021-09-29,58293,59073,57314,58224,25683593
2021-09-30,57792,59028,56156,57761,20267600
2021-10-01,57324,58704,55402,57074,17879606
2021-10-04,57427,58611,56406,56982,20595420
2021-10-05,55625,57042,54675,56097,6461433
2021-10-06,55889,56775,54022,55631,8348549
2021-10-07,54290,55409,53200,54632,20460301
2021-10-08,56645,57924,54598,56242,14714933
2021-10-11,56631,57938,55024,56272,15536473
2021-10-12,55726,56961,54904,55681,12753638
2021-10-13,56095,57317,54565,55860,27357643
2021-10-14,55559,57121,54588,55766,23354061
2021-10-15,55549,56796,54664,55581,21655637
2021-10-18,56454,56714,54981,56093,5988722
2021-10-19,56684,57813,56006,56730,23814614
2021-10-20,56119,57601,55565,56279,19533551
2021-10-21,55786,57107,54130,55793,8527110
2021-10-22,55927,56533,54760,55562,9289639
2021-10-25,53467,55191,52529,53644,28176113
2021-10-26,52083,53124,51889,52425,6065560
2021-10-27,53726,54570,52412,53500,29767116
2021-10-28,55177,56125,54257,54820,28966420
2021-10-29,54179,55922,53801,54615,11707432
2021-11-01,54801,56353,53708,55087,13349065
2021-11-02,54948,56203,54280,55344,24531252
2021-11-03,57724,58660,57312,57900,28711414
2021-11-04,58814,60210,58116,58873,12389434
2021-11-05,59052,60052,57111,58760,21868872
2021-11-08,58093,58704,56998,57918,7162766
2021-11-09,56659,57884,55217,56522,5353153
2021-11-10,56527,57777,55001,56694,11724504
2021-11-11,56434,57360,54822,56051,25230924
2021-11-12,54824,56323,53467,54855,21720097
2021-11-15,54844,55051,53583,54323,17518585
2021-11-16,53585,53997,52199,53442,25878369
2021-11-17,54385,56196,54058,54795,5987938
2021-11-18,55715,56751,53854,55519,12074533
2021-11-19,55318,56844,54189,55513,25578281
2021-11-22,56956,58264,55316,56745,5862839
2021-11-23,56322,58291,55372,56811,20474106
2021-11-24,55712,57715,54471,56077,15070853
2021-11-25,57766,58546,55852,57358,22841583
2021-11-26,57506,58965,56729,57822,22012114
2021-11-29,57306,57949,55546,56922,5461122
2021-11-30,56509,57502,55531,56759,5675025
2021-12-01,56174,57216,54756,56014,26041766
2021-12-02,55065,55705,54167,54852,12536968
2021-12-03,55628,57195,54953,55614,17498291
2021-12-06,56984,58446,56055,57207,10477835
2021-12-07,55685,57231,54697,56007,20250242
2021-12-08,55953,57446,54906,56480,19031498
2021-12-09,55709,56546,55317,55929,6605752
2021-12-10,55690,56110,53921,55520,18153731
2021-12-13,55509,56043,53703,55027,19533572
2021-12-14,54717,54949,53008,54314,22584256
2021-12-15,54642,55556,53071,54353,11634586
2021-12-16,53985,55158,52242,53676,25909659
2021-12-17,54071,55384,53121,53893,27009406
2021-12-20,53595,55101,52369,53853,12920337
2021-12-21,54097,54423,52731,53660,7154828
2021-12-22,53110,54372,51472,52929,10778728
2021-12-23,52535,53926,50971,52471,16981953
2021-12-24,52653,53805,52439,53066,10293348
2021-12-27,53408,54788,52064,53465,7784975
2021-12-28,52639,53509,51965,52681,20629231
2021-12-29,53144,54134,51751,52759,13371223
2021-12-30,53403,54951,51836,53354,13840597
2021-12-31,51893,52569,51451,52018,21347274
2022-01-03,52942,53907,51127,52442,26636598
2022-01-04,51516,53086,51255,51920,20724345
2022-01-05,52284,53908,50971,52365,9912301
2022-01-06,51291,52764,51096,51765,13126492
2022-01-07,50605,51721,48866,50364,24854242
2022-01-10,49545,49687,48163,49134,15533359
2022-01-11,48953,49991,48451,49170,5148469
2022-01-12,49715,49921,48803,49361,15726030
2022-01-13,48489,50128,48116,48692,25947771
2022-01-14,49562,50453,48489,49158,20774046
2022-01-17,48176,49230,47346,47933,18699048
2022-01-18,48177,49263,46640,47885,22293610
2022-01-19,46562,47566,45872,47016,23868041
2022-01-20,46987,47380,45428,46556,13908720
2022-01-21,46800,47121,45543,46589,25067519
2022-01-24,45808,46641,44970,45988,29193087
2022-01-25,46024,46389,44849,45722,16092722
2022-01-26,46210,47312,45169,46413,16035393
2022-01-27,46354,46718,45267,46011,18880983
2022-01-28,46227,47148,45346,46588,29867649
2022-01-31,45985,46410,44708,45798,7418853
2022-02-01,46200,46760,45242,46162,27022002
2022-02-02,46780,48550,46497,47160,12249127
2022-02-03,45177,46556,44721,45412,20885852
2022-02-04,44431,46186,44102,44869,19673090
2022-02-07,45229,46108,44041,45257,12197177
2022-02-08,44940,45822,44260,45120,9384077
2022-02-09,45460,46549,44089,45371,6129775
2022-02-10,44777,45703,43950,44960,29902464
2022-02-11,44838,45738,44040,45018,23974132
2022-02-14,45131,45571,43601,44913,28018818
2022-02-15,45287,46275,44579,45700,6170933
2022-02-16,46244,46568,45375,45874,23168665
2022-02-17,46431,46895,45603,46106,7518929
2022-02-18,45975,46898,44770,45822,11604168
2022-02-21,45571,45998,44161,45486,22636950
2022-02-22,45546,45834,43997,45191,10207188
2022-02-23,45173,46649,44452,45459,13242580
2022-02-24,44791,45756,44673,45172,6872154
2022-02-25,45132,46133,44135,45368,12904617
2022-02-28,47056,48057,46091,46780,5913605
2022-03-01,46951,48012,46073,47392,24786742
2022-03-02,47238,47710,46671,47160,15929691
2022-03-03,48485,48955,46936,48010,7032656
2022-03-04,48055,48482,47024,47716,11490750
2022-03-07,46277,47241,45186,46257,12221626
2022-03-08,45160,46745,44763,45558,11353575
2022-03-09,44573,44843,43121,44279,28759353
2022-03-10,44133,44998,42853,44046,25067202
2022-03-11,43718,44944,43563,44058,27429771
2022-03-14,44799,45747,44640,45166,10198054
2022-03-15,45759,46407,44831,45387,14656011
2022-03-16,45391,45938,44447,45238,29046839
2022-03-17,46102,46706,45167,45801,17732717
2022-03-18,44617,44797,43014,44282,6854165
2022-03-21,44502,45291,43403,44438,5377224
2022-03-22,44968,45677,43886,44952,19500948
2022-03-23,43894,45118,43195,43955,18767748
2022-03-24,44546,45207,43686,44709,17821090
2022-03-25,44877,45762,43722,44936,26230938
2022-03-28,44901,45512,43849,44656,11321136
2022-03-29,45172,46185,44462,45080,13623041
2022-03-30,46982,47617,45573,46616,22141662
2022-03-31,46690,47834,45464,46743,28536288
2022-04-01,47017,48115,45694,46917,5448934
2022-04-04,46716,47863,45417,46594,24435101
2022-04-05,46084,46748,44895,46000,10242029
2022-04-06,46761,47539,45774,46573,10772964
2022-04-07,45733,47207,45148,45974,27421435
2022-04-08,46035,47395,45284,46024,28732254
2022-04-11,45332,46964,44654,45694,16296266
2022-04-12,45916,46824,45400,46022,15466646
2022-04-13,46241,46896,45054,46253,23719336
2022-04-14,47116,47902,46004,46973,16078370
2022-04-15,47033,47771,45961,46613,16328513
2022-04-18,46518,47346,45199,46424,13094566
2022-04-19,45966,46642,44471,45743,29088676
2022-04-20,45444,46654,44878,45438,15071572
2022-04-21,45818,46482,44638,45695,29640569
2022-04-22,45817,47471,45460,46214,28487876
2022-04-25,45351,46401,44231,45575,5821939
2022-04-26,46042,46934,45421,46169,17682156
2022-04-27,47082,48007,45993,47108,25414804
2022-04-28,46970,48597,46031,47400,16891731
2022-04-29,48384,49345,47867,48735,29247612
2022-05-02,47954,48840,46956,48169,13163365
2022-05-03,47716,48642,46217,47270,19041747
2022-05-04,45853,46630,44702,46009,25391921
2022-05-05,47024,48046,45768,47041,7500120
2022-05-06,47214,48528,46361,47503,18831553
2022-05-09,47568,48403,46124,47463,8932613
2022-05-10,47453,48754,47101,47662,18444776
2022-05-11,46583,47542,45458,46858,9055032
2022-05-12,48593,49600,47590,48577,27658560
2022-05-13,48190,49520,47331,48671,7196274
2022-05-16,48271,49884,47588,48751,7429700
2022-05-17,49005,49914,48716,49282,27364172
2022-05-18,49177,50700,48309,49637,14010066
2022-05-19,49413,50486,49272,49804,21068491
2022-05-20,49055,49980,47939,49213,9096920
2022-05-23,49861,50274,48810,49561,29335160
2022-05-24,51034,51656,49989,50961,11015346
2022-05-25,52002,53367,51349,51989,15462498
2022-05-26,53012,54068,52224,53231,16770187
2022-05-27,53279,54331,51803,52823,25278877
2022-05-30,51932,53569,50681,52039,16106564
2022-05-31,51512,53054,50555,51941,12872277
2022-06-01,52106,52653,51378,51984,7604902
2022-06-02,52429,53762,51599,52838,18739212
2022-06-03,51337,52833,50334,51496,5398008
2022-06-06,52685,53592,51898,52678,14712565
2022-06-07,52946,53170,51332,52553,27858114
2022-06-08,52210,53320,51644,52216,26970811
2022-06-09,51632,52807,50640,51424,15242868
2022-06-10,50641,51447,49242,50147,25326867
2022-06-13,50392,51452,50138,50766,13029598
2022-06-14,50593,52014,49348,50822,19643268
2022-06-15,49734,50557,48600,49839,12867863
2022-06-16,48794,49573,47859,48871,7796647
2022-06-17,48538,49961,47386,48624,19927605
2022-06-20,50248,50589,49088,49842,27579415
2022-06-21,49860,50406,49071,49648,5174001
2022-06-22,48633,49014,47484,48528,27347987
2022-06-23,48165,49675,47230,48349,15803215
2022-06-24,48463,49396,47633,48152,20185393
2022-06-27,46624,47245,45229,46204,17295027
2022-06-28,46463,47320,45233,46166,21843083
2022-06-29,45547,46606,44949,46006,5088780
2022-06-30,46613,47378,45938,46487,12397228
2022-07-01,47347,48589,46886,47776,7695145
2022-07-04,48348,49160,47866,48583,24718694
2022-07-05,47961,49342,47721,48387,14262680
2022-07-06,47683,48936,46482,47584,28569325
2022-07-07,49605,49955,48367,49421,19956799
2022-07-08,49083,50248,48820,49465,25544479
2022-07-11,49360,50175,48350,49475,25972247
2022-07-12,49414,50187,48759,49457,9084591
2022-07-13,49474,51001,49050,49604,14407659
2022-07-14,49122,50455,48629,49497,21761480
2022-07-15,48991,50019,48327,49071,6414119
2022-07-18,48913,49895,47992,48668,10354993
2022-07-19,48227,49281,48007,48644,6268182
2022-07-20,47843,49201,47182,48248,24347962
2022-07-21,47593,48620,46349,47732,24028959
2022-07-22,48231,48857,46758,47808,11194702
2022-07-25,47786,49054,46838,47625,17414960
2022-07-26,48874,49936,47677,48700,8120452
2022-07-27,46634,47603,46061,46763,10615829
2022-07-28,47618,48791,46442,47529,16694248
2022-07-29,47943,49067,47579,48417,27924617
2022-08-01,47039,47409,45679,46911,28081937
2022-08-02,47056,47328,45970,46670,12738672
2022-08-03,46515,47190,45524,46410,14851025
2022-08-04,45770,46349,44253,45430,21413187
2022-08-05,45101,45902,43815,44900,28392708
2022-08-08,43817,45398,43489,44152,14064507
2022-08-09,45678,46228,44391,45313,5318774
2022-08-10,45550,46869,44769,45949,29338959
2022-08-11,46857,47341,46326,46825,24801087
2022-08-12,46993,47838,46589,47332,26626833
2022-08-15,46076,47509,46025,46530,5611868
2022-08-16,46092,47031,45174,46164,9533910
2022-08-17,46313,47749,45550,46503,11929140
2022-08-18,45638,46254,45101,45651,23184973
2022-08-19,46210,46623,45239,46139,18726798
2022-08-22,45553,46845,45244,45973,8456800
2022-08-23,45370,46388,44573,45714,14127064
2022-08-24,46256,46710,45228,46202,22915668
2022-08-25,46364,47649,45229,46510,29886550
2022-08-26,46470,46824,45061,46258,29504376
2022-08-29,47206,48105,45651,47062,14071594
2022-08-30,46619,47022,44946,46299,26331920
2022-08-31,46907,47356,46238,46727,24065229
2022-09-01,47076,47972,45957,47143,20313683
2022-09-02,47086,48145,46138,46924,24126034
2022-09-05,46941,47994,46530,47153,8415398
2022-09-06,46089,47426,45390,46268,26599671
2022-09-07,47181,47496,45646,46910,18539916
2022-09-08,46729,47970,46057,46779,8344849
2022-09-09,46690,47097,45577,46413,16483581
2022-09-12,47447,48253,46418,47143,18035245
2022-09-13,46978,47639,45964,46645,8201824
2022-09-14,46040,46965,45180,45659,21391910
2022-09-15,44532,45385,43767,44593,26829137
2022-09-16,44836,45508,43956,44999,13438856
2022-09-19,44207,44593,43383,44134,27225824
2022-09-20,45179,46498,43999,45296,25842399
2022-09-21,43970,44781,43353,43882,15565648
2022-09-22,45183,46146,43756,44998,20934994
2022-09-23,45311,45804,44082,45141,22017562
2022-09-26,44962,45837,44458,45075,14007429
2022-09-27,44409,45181,43900,44707,26013474
2022-09-28,44912,46289,43979,44974,17934775
2022-09-29,44628,45999,44026,44949,14052772
2022-09-30,46049,47003,45103,45693,23573857
2022-10-03,45630,46472,44709,45771,16826072
2022-10-04,45557,46894,45296,45874,27585027
2022-10-05,45191,46700,44336,45624,12594825
2022-10-06,45718,46331,44926,45585,24199177
2022-10-07,45921,47030,45198,45796,22045332
2022-10-10,44479,45912,43444,44621,25200970
2022-10-11,43344,44929,42783,43718,6770330
2022-10-12,44126,45301,43026,44206,26435791
2022-10-13,44152,45008,43616,44319,25602073
2022-10-14,44353,44888,43344,44197,13753373
2022-10-17,44303,45503,43445,44209,15308990
2022-10-18,44319,44893,43281,44440,21790095
2022-10-19,43831,45152,42944,44080,13946694
2022-10-20,43990,44616,42294,43565,17166415
2022-10-21,43653,44674,42664,43693,14920226
2022-10-24,43214,44335,42242,43052,26672953
2022-10-25,43004,44019,42759,43316,10580815
2022-10-26,42197,42918,41506,42209,25776359
2022-10-27,42456,43357,41948,42861,21689149
2022-10-28,43170,43979,42693,43165,26459467
2022-10-31,43733,43990,42654,43331,11949666
2022-11-01,43867,44711,43468,43969,13548080
2022-11-02,44652,46271,44191,45068,7091028
2022-11-03,45324,47067,44618,45753,24672753
2022-11-04,44390,45100,43202,44490,7727850
2022-11-07,43339,44398,42961,43636,15086627
2022-11-08,42815,44462,42035,43227,25077551
2022-11-09,43466,43730,42209,43244,6779472
2022-11-10,43544,44096,42737,43580,25391199
2022-11-11,42924,43677,42299,43105,10495592
2022-11-14,43572,44173,42449,43226,27887557
2022-11-15,42408,43292,41596,42736,24926999
2022-11-16,42731,43588,41396,42344,15786074
2022-11-17,41297,42236,40719,41451,12334291
2022-11-18,41194,41696,40443,40877,24103384
2022-11-21,40131,40646,39429,40048,17297281
2022-11-22,39720,40228,39006,39462,28728956
2022-11-23,40474,41017,39494,40086,18679525
2022-11-24,39347,40503,38797,39515,25918530
2022-11-25,41454,42105,40000,41075,26063635
2022-11-28,41287,42271,40689,41379,15426309
2022-11-29,41399,42659,40766,41494,25787302
2022-11-30,40829,42039,40224,40959,17006368
2022-12-01,41424,42430,40553,41390,22260086
2022-12-02,40748,41488,40235,41032,10313280
2022-12-05,41152,41524,40149,41107,12963845
2022-12-06,42722,43294,41849,42686,17946220
2022-12-07,42848,43616,41514,42624,27768558
2022-12-08,43649,44149,42757,43359,28210446
2022-12-09,42851,43676,41774,42902,12184620
2022-12-12,42710,44067,41666,42879,9209689
2022-12-13,43807,45247,43082,44018,29913016
2022-12-14,43338,44833,42870,43604,17386189
2022-12-15,44394,45519,43838,44790,20628793
2022-12-16,45123,46344,44158,45265,21649926
2022-12-19,44677,45576,44038,44883,9152109
2022-12-20,45732,45935,44264,45309,7605822
2022-12-21,46023,46600,45449,45970,21894585
2022-12-22,46257,47180,45863,46399,11380858
2022-12-23,45379,46149,44402,45306,7350876
2022-12-26,44489,46005,43761,44812,12031401
2022-12-27,44596,45199,43964,44646,13169183
2022-12-28,44708,45697,43291,44596,20384461
2022-12-29,45001,45940,44088,45011,8619047
2022-12-30,45042,45842,44081,45131,21378623
2023-01-02,44664,45105,43714,44227,7867695
2023-01-03,44818,45191,43155,44479,27124222
2023-01-04,44997,45871,44036,44887,6650522
2023-01-05,45326,46109,44576,45263,10408792
2023-01-06,46108,46609,45064,45997,10242042
2023-01-09,46294,47147,45255,46573,11060319
2023-01-10,46795,47875,46399,46893,19605939
2023-01-11,46413,48158,45924,46844,29748369
2023-01-12,45655,46448,44868,45677,14555821
2023-01-13,46011,47105,44810,45971,22684369
2023-01-16,45863,47183,45177,46115,7714660
2023-01-17,46732,47628,45311,46302,10824648
2023-01-18,45788,46616,44121,45416,16389435
2023-01-19,44878,45632,43434,44679,6923298
2023-01-20,45415,46435,44784,45385,25402495
2023-01-23,45694,46627,44215,45358,13910005
2023-01-24,45483,46646,44626,45822,5792425
2023-01-25,46108,46599,44929,45841,24888213
2023-01-26,45518,46330,45191,45862,27113746
2023-01-27,46781,47741,45170,46507,23343988
2023-01-30,45940,47348,45295,46147,8001179
2023-01-31,46562,46772,44937,46214,21829282
2023-02-01,46301,46882,44550,45893,7471146
2023-02-02,45274,46473,44274,45594,10259018
2023-02-03,45349,45944,44778,45383,28187230
2023-02-06,45972,46882,44275,45534,28506415
2023-02-07,45192,45853,43892,45207,10514214
2023-02-08,46393,46581,45080,46058,13218723
2023-02-09,45521,46435,44844,45440,9183005
2023-02-10,45200,46436,44191,45313,18709910
2023-02-13,44821,45493,44043,45014,29828306
2023-02-14,45718,47057,44648,45991,17140939
2023-02-15,46368,47079,45157,46127,14399822
2023-02-16,46734,47406,45977,46841,19709150
2023-02-17,45807,46413,44946,45797,17469162
2023-02-20,45973,46962,44907,45980,9171364
2023-02-21,46666,47336,45490,46594,28194276
2023-02-22,46993,47993,45351,46651,27139420
2023-02-23,47853,48647,46323,47397,7573937
2023-02-24,46942,48425,45712,47029,9197739
2023-02-27,48338,48753,47319,48024,15325121
2023-02-28,49942,51140,49149,49680,19471251
2023-03-01,49482,50329,48885,49409,8305742
2023-03-02,49527,49911,48456,49079,28783667
2023-03-03,49849,50701,49247,50149,23248067
2023-03-06,50936,51905,50517,51337,22490133
2023-03-07,51295,52149,49697,50935,20055665
2023-03-08,50552,51583,49734,50613,16324581
2023-03-09,50749,51132,49347,50400,24713814
2023-03-10,49771,50483,48378,49383,29543290
2023-03-13,48276,49436,47980,48703,26263961
2023-03-14,48337,49003,46800,47969,11859634
2023-03-15,47368,48231,46296,47417,28352138
2023-03-16,47402,48646,46847,47392,16045787
2023-03-17,47679,48815,46185,47558,14840119
2023-03-20,49080,49616,47677,48665,24478209
2023-03-21,47475,48751,47373,47936,9007324
2023-03-22,48621,49483,47778,48644,8515530
2023-03-23,48669,49754,47563,48487,13203492
2023-03-24,48667,49254,47240,48451,22418678
2023-03-27,49130,49636,47810,48942,11437885
2023-03-28,47766,48680,47494,48118,24104305
2023-03-29,48199,49329,47483,48394,22321869
2023-03-30,48377,49467,47558,48514,17884085
2023-03-31,49170,50184,47504,48873,27283977
2023-04-03,48868,49793,47628,49085,5393186
2023-04-04,50598,51789,50347,50893,10972872
2023-04-05,50867,51725,49274,50406,8755490
2023-04-06,49513,51328,49107,50004,17923274
2023-04-07,50030,50413,48130,49537,12071422
2023-04-10,49298,50066,48322,49124,8304299
2023-04-11,48974,49436,48102,48654,9959691
2023-04-12,49319,50941,48607,49522,11532930
2023-04-13,50086,51203,49188,50577,19808756
2023-04-14,50383,51582,49224,50144,6750093
2023-04-17,49849,50691,48792,49518,27993847
2023-04-18,50108,50897,48778,49869,6220682
2023-04-19,49102,49982,48842,49455,10243174
2023-04-20,50178,50899,49075,49925,10005332
2023-04-21,50346,50986,49475,50077,19778249
2023-04-24,49094,49586,48080,48938,24672234
2023-04-25,50341,51233,48704,50074,19738446
2023-04-26,51779,52936,50199,51423,18931730
2023-04-27,51066,52033,49628,50951,11820399
2023-04-28,50238,51885,50055,50654,5607317
2023-05-01,50859,51450,50119,50872,10551252
2023-05-02,50695,52065,50285,51127,10579123
2023-05-03,51536,52268,50394,51632,23470891
2023-05-04,53090,54372,51789,53189,5974303
2023-05-05,52587,54574,52259,53047,19435478
2023-05-08,52254,53630,51337,52412,26988492
2023-05-09,50929,51920,50020,51328,25030723
2023-05-10,51078,51633,49868,50765,24653453
2023-05-11,51194,51806,49259,50740,25408263
2023-05-12,51660,53047,50882,52106,9973064
2023-05-15,52172,53080,50635,51701,11848120
2023-05-16,51898,53239,50472,51875,14425266
2023-05-17,51654,53015,51327,51862,22257890
2023-05-18,52340,53709,51424,52786,10320804
2023-05-19,54788,55615,53286,54787,9747924
2023-05-22,54671,55010,52942,54351,11684601
2023-05-23,54175,54874,53163,53952,29688273
2023-05-24,54304,55798,53619,54797,8612914
2023-05-25,54885,56659,54323,55357,14464656
2023-05-26,56780,58209,55208,56891,7157098
2023-05-29,57154,58044,55707,57389,19130270
2023-05-30,56774,58102,55876,57080,22721569
2023-05-31,57333,58371,56799,57586,16798021
2023-06-01,58899,59312,57824,58543,20333589
2023-06-02,59773,60837,57589,59264,14439949
2023-06-05,59601,60362,58566,59715,10868555
2023-06-06,61163,61786,59958,60670,15212588
2023-06-07,61514,62559,60361,61734,20173441
2023-06-08,62985,64753,62169,63014,23498958
2023-06-09,63279,64973,61889,63627,8295453
2023-06-12,63646,64396,62751,63468,10870747
2023-06-13,64217,64883,62655,63608,5304543
2023-06-14,64893,66354,64035,64759,8112261
2023-06-15,63783,65831,62912,63965,6456498
2023-06-16,64509,65246,62857,64319,21684375
2023-06-19,63457,65712,63221,63939,17086533
2023-06-20,64464,65802,62401,63967,26490513
2023-06-21,65198,67041,63671,65194,14101540
2023-06-22,65314,66865,64336,65381,14369879
2023-06-23,65539,66905,64465,65426,20886181
2023-06-26,64252,65249,63360,64092,11423841
2023-06-27,64254,66432,63130,64809,14380814
2023-06-28,65676,66786,64518,65437,24015370
2023-06-29,67211,69151,66531,67560,7657303
2023-06-30,67536,68497,65316,67248,10390656
2023-07-03,67904,69131,65967,67469,13324458
2023-07-04,68133,69515,66073,67721,14491099
2023-07-05,69397,70220,67666,69324,11663143
2023-07-06,69253,71070,68509,69225,5665979
2023-07-07,69018,70961,68323,69515,10446342
2023-07-10,70535,72035,69051,70148,22561494
2023-07-11,70023,71655,69608,70345,19526420
2023-07-12,69869,71102,68305,69874,12806421
2023-07-13,69775,72060,69099,70077,25861673
2023-07-14,70684,72275,69688,71206,24247778
2023-07-17,70291,71994,69225,70109,12104627
2023-07-18,69623,71632,68395,70249,15926684
2023-07-19,69857,70921,68743,69511,25575273
2023-07-20,70499,71901,68944,70757,8198747
2023-07-21,68449,70625,67518,69141,10476049
2023-07-24,68576,69693,67541,68561,18114573
2023-07-25,68324,69693,67423,68949,21419281
2023-07-26,70252,71658,69309,70568,23680087
2023-07-27,70790,71213,69010,70499,14010823
2023-07-28,69300,71978,68852,69911,23588265
2023-07-31,72372,73991,70056,71884,26535028
2023-08-01,69625,71582,68295,70323,15878407
2023-08-02,67659,69674,66371,68003,10758851
2023-08-03,68782,69610,67048,68452,13468579
2023-08-04,67687,69528,66127,67937,19058464
2023-08-07,66363,68643,65364,66896,14954657
2023-08-08,67418,69563,66119,67607,26369117
2023-08-09,67542,69076,65896,67854,24626311
2023-08-10,67741,69007,66046,67280,18924414
2023-08-11,65741,66999,65175,65988,17768696
2023-08-14,67238,68844,65049,66851,11779617
2023-08-15,68032,68213,66285,67503,14587718
2023-08-16,67314,68891,66277,67403,22623678
2023-08-17,69838,70876,67773,69270,5723879
2023-08-18,67991,69778,67069,68158,17377179
2023-08-21,67217,67425,65148,66598,25109222
2023-08-22,65366,67803,64595,65907,23397030
2023-08-23,66109,66760,63896,65862,23221531
2023-08-24,66094,67587,65034,66103,6502718
2023-08-25,65715,66815,64759,65863,18772237
2023-08-28,66387,67280,64276,66211,24605556
2023-08-29,65233,66328,63498,64968,22971953
2023-08-30,65717,67593,65684,66375,16932133
2023-08-31,65852,67169,64862,66293,11696579
2023-09-01,67692,68309,66059,67404,5398825
2023-09-04,67976,68995,66951,67751,19468459
2023-09-05,68851,69931,67147,68215,18654424
2023-09-06,69157,70722,67535,68798,6885190
2023-09-07,69885,70069,68288,69260,9695781
2023-09-08,70211,71177,69039,69928,26869211
2023-09-11,71034,72178,69834,71322,22007812
2023-09-12,70968,72271,70066,71532,9993899
2023-09-13,72701,73973,70683,72293,16267806
2023-09-14,72404,73788,71426,72196,9122990
2023-09-15,73089,74733,72571,73755,20905769
2023-09-18,72803,74079,70938,73007,19299385
2023-09-19,75664,75765,74024,74979,17494418
2023-09-20,74935,76935,73406,74934,20410415
2023-09-21,73227,75489,71227,73326,16131259
2023-09-22,73405,74401,72071,73467,14822090
2023-09-25,72293,73780,71142,72716,28274343
2023-09-26,73440,75648,72717,73633,5294358
2023-09-27,72723,74993,71023,72912,19379782
2023-09-28,71776,73757,71449,72424,12594902
2023-09-29,70748,71147,69045,70372,29610492
2023-10-02,69778,70648,67874,69894,24651014
2023-10-03,67787,68800,66642,67353,9721005
2023-10-04,66214,66927,64454,65753,14970977
2023-10-05,66120,67206,64895,66503,26747561
2023-10-06,67498,68744,65900,67287,16374994
2023-10-09,67679,68409,66846,67716,6247752
2023-10-10,67241,68452,65139,66734,9695154
2023-10-11,66307,67762,64942,66686,27134993
2023-10-12,66920,67403,64854,66682,27078504
2023-10-13,65665,66950,63948,65524,16703087
2023-10-16,66727,68204,66037,67001,5116908
2023-10-17,67390,69884,66487,67883,7343145
2023-10-18,67863,69071,65936,67658,16764504
2023-10-19,68009,68735,65880,67686,10846899
2023-10-20,67647,69539,66312,67897,28574093
2023-10-23,66008,66833,65080,65818,5851563
2023-10-24,65436,67415,64056,65574,14239320
2023-10-25,65180,66038,64238,64903,17336530
2023-10-26,63543,65270,62630,63928,10360678
2023-10-27,64155,64359,61977,63658,14029750
2023-10-30,65097,66586,64579,65375,11612303
2023-10-31,65829,67762,64631,66003,15548839
2023-11-01,64859,67146,64403,65438,13127678
2023-11-02,65487,66956,65318,66000,29990019
2023-11-03,67406,68364,65431,67385,17893170
2023-11-06,68002,70120,66402,68320,15286846
2023-11-07,68840,70337,67315,68381,20196443
2023-11-08,67060,68524,66067,67717,10310074
2023-11-09,68261,69727,66626,68426,6519598
2023-11-10,68606,69983,66820,68830,24436448
2023-11-13,69084,71667,67692,69755,5045807
2023-11-14,69890,71241,69397,70419,19149001
2023-11-15,71404,72545,69574,71528,23213202
2023-11-16,70943,72731,69489,70954,22437717
2023-11-17,72217,73153,71062,72356,6558274
2023-11-20,72615,74011,71015,72570,18211492
2023-11-21,74972,76239,72625,74829,9732369
2023-11-22,73330,75291,72994,74056,24715503
2023-11-23,75929,77343,73720,75984,8764993
2023-11-24,76916,77779,75085,76210,22087179
2023-11-27,75494,76463,74549,75465,25868917
2023-11-28,75183,76523,73318,74917,22960709
2023-11-29,74277,76504,73119,74557,20576682
2023-11-30,75443,76923,73496,75031,26519098
2023-12-01,76033,76609,73940,75620,9618219
2023-12-04,75001,75943,74051,74969,28243996
2023-12-05,75655,76093,74033,74942,19516602
2023-12-06,76771,78682,75549,77350,6551726
2023-12-07,78588,80796,77950,79354,18426433
2023-12-08,80305,81758,78958,79874,15895584
2023-12-11,80410,80809,79059,79919,26168865
2023-12-12,79455,80919,78476,80063,7900203
2023-12-13,80421,82241,79108,80800,23428086
2023-12-14,78793,81465,77617,79560,12062215
2023-12-15,78926,80352,78395,79253,29336228
2023-12-18,77692,79034,75172,77270,25397813
2023-12-19,77760,78914,76302,77732,27297019
2023-12-20,78248,80663,76576,78487,27464352
2023-12-21,77718,80093,76015,77918,29566789
2023-12-22,78962,81030,78011,79758,14196670
2023-12-25,77978,79434,77506,78291,5667538
2023-12-26,76796,77967,74359,76572,9607455
2023-12-27,77558,77967,75413,76829,23790554
2023-12-28,78578,79866,75824,78036,16466986
2023-12-29,79245,82129,77854,80007,9872691
2024-01-01,80090,81321,77771,79456,23839840
2024-01-02,81199,82881,79144,80742,9261663
2024-01-03,81148,82143,78692,80695,7300612
2024-01-04,80419,81543,78581,80486,9010768
2024-01-05,81387,83573,79249,81553,15431357
2024-01-08,82027,83769,80380,82351,23103047
2024-01-09,79706,82288,79546,80404,29280632
2024-01-10,81738,83452,81272,82185,14279863
2024-01-11,83461,84861,81931,83886,15348630
2024-01-12,83073,85580,81555,83099,20009521
2024-01-15,84006,84689,82605,83592,6881397
2024-01-16,84168,86719,81696,84212,8911251
2024-01-17,83794,87039,83376,84541,17994289
2024-01-18,84611,86013,82918,83843,25323650
2024-01-19,83734,84923,80660,82999,5762557
2024-01-22,83440,84755,80746,82967,27044598
2024-01-23,85256,86733,83516,84426,29944791
2024-01-24,85190,86459,83476,85115,24496929
2024-01-25,85425,86280,82126,84642,13971541
2024-01-26,84895,87538,83494,85621,12188106
2024-01-29,81743,83457,80242,81963,5321199
2024-01-30,82917,84922,82029,83375,27139911
2024-01-31,80705,82548,79954,81199,8829994
2024-02-01,80178,82477,79943,80758,24206704
2024-02-02,79596,81546,77476,79402,18329543
2024-02-05,78298,78952,76362,77860,29169269
2024-02-06,79339,81488,77684,79215,21806308
2024-02-07,78104,80530,76938,78660,10113050
2024-02-08,79560,81161,76964,79068,29486235
2024-02-09,79228,80682,78187,79013,5657191
2024-02-12,79400,81615,78549,79578,19992929
2024-02-13,79947,80492,78074,79670,15776415
2024-02-14,77761,80197,76735,78137,22660651
2024-02-15,79059,80161,77286,79304,25858750
2024-02-16,79374,80905,77212,78717,15279184
2024-02-19,76557,79173,75641,76879,8509934
2024-02-20,76339,77598,74881,76385,12988597
2024-02-21,78714,79214,77309,78105,21382927
2024-02-22,79430,81103,77695,79101,21984796
2024-02-23,77998,79872,76910,78687,22546248
2024-02-26,77723,80413,77136,78275,21001467
2024-02-27,77131,78837,75826,77897,25549596
2024-02-28,80534,81330,78532,80324,13865465
2024-02-29,80700,83174,78921,80784,27843141
2024-03-01,80711,83214,79568,81305,8931895
2024-03-04,83318,84786,81376,82562,24878002
2024-03-05,82907,84224,81174,82858,12285880
2024-03-06,82110,84478,81370,82536,7651788
2024-03-07,82294,84093,80773,82293,5209720
2024-03-08,82499,84018,80300,82204,23995438
2024-03-11,81462,84101,81024,82158,19383405
2024-03-12,82681,84841,80959,83055,25768135
2024-03-13,83630,84664,80999,83120,24792840
2024-03-14,83965,85337,82360,84033,28331184
2024-03-15,84010,86061,81851,83931,17525800
2024-03-18,83917,85251,81525,84030,15520770
2024-03-19,80768,83456,80123,81512,17505994
2024-03-20,82080,83844,80998,82632,29677387
2024-03-21,82971,84931,81310,83062,23472841
2024-03-22,83815,86408,83406,84305,18361840
2024-03-25,79917,81802,79144,80642,15123480
2024-03-26,83740,84100,82110,83169,20271357
2024-03-27,83793,84042,80736,82995,12016611
2024-03-28,84869,86240,82803,84374,8837478
2024-03-29,83646,85300,82008,83058,9024537
2024-04-01,83389,84735,82284,83821,7780877
2024-04-02,83257,84533,81207,82497,16008998
2024-04-03,81230,83100,79881,81725,8031863
2024-04-04,84831,85717,81705,84071,22927527
2024-04-05,84661,86227,82084,83831,6595776
2024-04-08,84461,85504,82245,84104,15457143
2024-04-09,86022,86847,84123,85202,24894389
2024-04-10,85955,86717,83679,85836,13051964
2024-04-11,85615,87030,85112,86029,26603101
2024-04-12,86391,87813,85563,86500,8244811
2024-04-15,89786,90565,87374,89619,27658039
2024-04-16,88777,91567,87478,89541,20706914
2024-04-17,90031,91475,88726,89811,24811148
2024-04-18,92105,93139,90254,91227,5621747
2024-04-19,92165,93991,90780,92740,15884510
2024-04-22,94943,95893,92165,94391,16233125
2024-04-23,95775,97211,93149,95000,23058474
2024-04-24,94199,96107,91854,93371,9623190
2024-04-25,95874,96045,92669,95000,20659715
2024-04-26,93406,95962,91940,93366,26200691
2024-04-29,94685,95810,91073,93790,16908175
2024-04-30,93206,94702,90038,92729,9361862
2024-05-01,92013,94493,90576,92639,5983061
2024-05-02,93053,94156,90962,93096,5296412
2024-05-03,93954,94649,91329,93545,19787402
2024-05-06,93661,96210,92237,94137,15960311
2024-05-07,95267,96597,92759,95000,15774240
2024-05-08,95316,97692,92515,95000,16275833
2024-05-09,94013,96368,92398,94652,19857318
2024-05-10,95123,96222,94002,95000,16084171
2024-05-13,95516,97307,92931,95000,14886726
2024-05-14,93248,94730,91282,93250,6594362
2024-05-15,93168,96015,92348,94086,15457318
2024-05-16,94067,97275,94018,95000,11318653
2024-05-17,94305,97224,92195,94575,14396313
2024-05-20,95809,97455,93444,95000,11400231
2024-05-21,94271,97016,93299,94786,13151496
2024-05-22,95219,97205,93269,94964,26817576
2024-05-23,94191,97457,92044,94718,28933281
2024-05-24,94402,96248,93180,94740,12451062
2024-05-27,93831,94116,90506,93182,15304803
2024-05-28,91586,92577,89521,91169,25324696
2024-05-29,92594,94690,91930,93350,25564631
2024-05-30,92032,94305,89788,92164,15885249
2024-05-31,89938,92852,89598,90793,9528268
2024-06-03,87827,89782,85278,87860,23999710
2024-06-04,87301,87917,85876,87018,15052700
2024-06-05,84641,87387,83518,85291,22264923
2024-06-06,87023,88831,85151,87392,21869307
2024-06-07,88535,90783,86292,88716,27368154
2024-06-10,88537,89655,86840,87800,5893150
2024-06-11,91662,92296,88175,90767,20090407
2024-06-12,91265,93272,89707,92103,20974862
2024-06-13,92133,92744,89542,91654,28283232
2024-06-14,87992,90567,86666,88218,13924435
2024-06-17,91053,93838,89507,91250,13042153
2024-06-18,89802,91402,86892,89348,15438344
2024-06-19,87872,88194,85033,87143,27295574
2024-06-20,89277,90075,86247,88479,25717279
2024-06-21,91859,93972,89357,91717,29001805
2024-06-24,93354,96018,91583,93622,15019480
2024-06-25,94957,95581,92911,94414,6525068
2024-06-26,94526,95950,92563,95000,19297708
2024-06-27,95121,97303,92846,95000,15553060
2024-06-28,94731,96627,92892,95000,25114229
2024-07-01,95297,96433,94005,95000,12716492
2024-07-02,94506,95974,93963,95000,16472170
2024-07-03,94325,96885,93582,94910,23913112
2024-07-04,94622,96373,91475,93837,26349746
2024-07-05,92698,96166,90766,93442,24193954
2024-07-08,91080,93010,88914,91069,11158382
2024-07-09,90427,92780,88692,90935,20049125
2024-07-10,88760,90634,87805,89586,7332127
2024-07-11,87286,89951,86830,88103,16013698
2024-07-12,87767,89896,87207,88341,6926252
2024-07-15,90847,92182,89004,90185,7074278
2024-07-16,91030,93053,89343,91428,26761142
2024-07-17,90078,90596,87823,89274,15533873
2024-07-18,88092,88995,85860,87949,26111381
2024-07-19,89077,90643,86623,89190,14469309
2024-07-22,88016,88924,86472,87875,6278343
2024-07-23,87609,88765,84969,87579,8032115
2024-07-24,88759,90929,86375,88302,5690778
2024-07-25,86641,88662,84982,87019,9044064
2024-07-26,86901,88956,85751,87157,28411915
2024-07-29,86086,87759,84159,85413,24128175
2024-07-30,85398,87174,82618,84642,27736538
2024-07-31,85716,86890,83877,85048,11036207
2024-08-01,82882,85195,81014,83016,18327766
2024-08-02,84033,84947,81804,83565,25121083
2024-08-05,83500,84886,82248,83540,28139689
2024-08-06,84228,85753,82873,84232,17344700
2024-08-07,84016,86497,83649,84515,24420016
2024-08-08,86402,88284,84046,86245,13181311
2024-08-09,85864,87815,84959,86407,6658332
2024-08-12,85561,86937,84321,85850,26228657
2024-08-13,86618,87955,85001,86007,26795984
2024-08-14,86200,87798,84378,86708,22548495
2024-08-15,86028,88644,85473,86772,29854034
2024-08-16,86076,88897,85207,86825,9074999
2024-08-19,86668,87973,83805,85911,5663431
2024-08-20,85068,87189,83312,85056,13966309
2024-08-21,83116,85553,81325,83267,23365620
2024-08-22,85983,87161,83878,85452,15193756
2024-08-23,84421,85921,82833,83858,18701736
2024-08-26,82708,84844,81441,82986,8892825
2024-08-27,82410,83219,80666,82092,27130590
2024-08-28,83645,84068,81561,83194,7871083
2024-08-29,83082,84125,80426,82826,13998331
2024-08-30,83788,85967,82238,84376,26515595
2024-09-02,84151,85390,81840,83523,13671734
2024-09-03,83939,86138,81877,83873,28319440
2024-09-04,82462,83975,80638,82822,7644046
2024-09-05,85359,86557,83784,85487,21511560
2024-09-06,83188,86422,81987,83964,17537769
2024-09-09,83727,85380,82259,84354,18355695
2024-09-10,85609,86823,83392,85156,16768203
2024-09-11,84828,87545,83343,85685,11403679
2024-09-12,85304,87226,84469,85447,10814104
2024-09-13,85319,86280,84202,85280,8763302
2024-09-16,84576,86287,83984,85336,22703313
2024-09-17,85954,86179,82775,85148,6983438
2024-09-18,85906,88255,85128,86379,26971167
2024-09-19,88894,91108,88008,89244,21290309
2024-09-20,88150,89796,87201,88497,22160825
2024-09-23,86212,88651,84276,86679,24882219
2024-09-24,85701,88849,85082,86564,23640298
2024-09-25,90326,90888,88717,89914,24288179
2024-09-26,89659,90603,87191,88830,20248546
2024-09-27,90512,93179,89460,91014,6753313
2024-09-30,93609,94708,91360,93304,24163365
2024-10-01,92977,94024,90732,92529,8481591
2024-10-02,93970,95398,90584,93319,10766392
2024-10-03,94852,97656,93364,95000,7803005
2024-10-04,94087,96934,91779,94459,20323076
2024-10-07,93842,96211,92165,94171,14674961
2024-10-08,93746,95646,91095,93349,24041935
2024-10-09,92511,93518,90173,91928,10256583
2024-10-10,90453,93110,88545,91033,18553496
2024-10-11,89131,91088,87917,89362,16434079
2024-10-14,90126,90641,88147,89407,8044221
2024-10-15,88917,90499,86012,88375,25903769
2024-10-16,89545,90558,86209,88685,10098227
2024-10-17,87055,88102,84268,86615,16592789
2024-10-18,86859,89502,85960,87045,6661342
2024-10-21,88293,89051,86420,88133,21230378
2024-10-22,85773,86892,83731,85497,14208201
2024-10-23,85252,86935,83581,85977,27423028
2024-10-24,87638,89778,86071,87560,10218907
2024-10-25,86331,88038,84885,85972,7916933
2024-10-28,87542,89594,86944,88128,12710611
2024-10-29,89180,90768,87132,88682,20780630
2024-10-30,87892,89317,85244,87745,28050888
2024-10-31,88464,89874,85238,87671,10573945
2024-11-01,87596,90092,85840,88405,9886202
2024-11-04,88091,90121,86307,88506,25684213
2024-11-05,89403,91782,86787,89221,18900845
2024-11-06,87631,89311,85807,87989,16659029
2024-11-07,88591,89307,86246,88213,28243967
2024-11-08,86789,88215,85380,86342,15315271
2024-11-11,85513,88731,84664,86198,22563002
2024-11-12,85053,86522,83898,85029,7427667
2024-11-13,84106,85036,82763,84091,10311154
2024-11-14,85426,87088,83274,85650,17428621
2024-11-15,87806,88804,85722,87052,11557734
2024-11-18,88423,89011,85696,87848,19509348
2024-11-19,86749,88410,84921,86409,5563889
2024-11-20,86367,88575,84005,85998,5277834
2024-11-21,87496,89230,86684,87563,27284149
2024-11-22,88488,89249,85579,87749,10585056
2024-11-25,91156,92438,88585,90802,9730654
2024-11-26,91756,92462,90298,91338,25671541
2024-11-27,92264,94135,88898,91601,15127275
2024-11-28,90764,92845,89711,91176,27156321
2024-11-29,91920,92980,89944,91359,16675889
2024-12-02,90594,93264,89940,91150,25022214
2024-12-03,91833,93854,91150,92118,8998585
2024-12-04,93133,95586,92460,93440,7816112
2024-12-05,93222,93375,89689,92339,11900725
2024-12-06,91140,92872,89267,90495,6732141
2024-12-09,88356,90538,86500,88002,21072326
2024-12-10,89075,90710,87161,88673,15627772
2024-12-11,87313,89742,84813,87205,21460794
2024-12-12,85144,85488,82955,84389,13675237
2024-12-13,84874,86540,84002,84881,28682259
2024-12-16,87845,89995,87019,88055,20197601
2024-12-17,87454,89952,86179,88047,27912112
2024-12-18,89665,90762,86551,89154,20487103
2024-12-19,89682,90760,87233,89264,6634461
2024-12-20,88925,90249,87931,89131,19937872
2024-12-23,89502,91972,88917,90360,17395322
2024-12-24,90577,91159,88094,89967,15403209
2024-12-25,89445,92558,87717,90328,15205026
2024-12-26,91133,92050,88815,90763,7887569
2024-12-27,90699,90858,88001,89854,6746988
2024-12-30,91077,93110,90149,91191,26674202
2024-12-31,90470,92944,89389,90952,6020346
